{"cameraMode":{"drawMode":0,"name":"Shaded","section":"Shading Mode"},"sceneLighting":true,"audioPlay":false,"sceneViewState":{"showFog":true,"showMaterialUpdate":false,"showSkybox":true,"showFlares":true,"showImageEffects":true,"showParticleSystems":true},"in2DMode":false,"pivot":{"x":-402.3369140625,"y":-2.0063462257385256,"z":1.8813397884368897},"rotation":{"x":0.263021320104599,"y":-0.4071197211742401,"z":0.12366502732038498,"w":0.8658985495567322},"size":1281.6766357421875,"orthographic":false}